filename,acne,blackheads,wrinkly,none
010189_jpg.rf.b7270caafd8942d15923e1288ad8ebf7.jpg,0,0,0,1
010196_jpg.rf.d2c326aec58fb489d6d5a393b3bc0684.jpg,0,0,0,1
0487faa7-4c5f-4526-b34f-32d2e88dd284_jpeg_jpg.rf.e30df8762b63a2eb7cc37c00666b1ef2.jpg,1,0,0,0
099092_jpg.rf.6b9b1c38029850313cc422b5f1bbbb22.jpg,0,0,0,1
099109_jpg.rf.9c6b3a53e272a344c3c1e34df8d13d27.jpg,0,0,0,1
099188_jpg.rf.a8ae65b62da237c31675dda46dfb5665.jpg,0,0,0,1
099192_jpg.rf.521b592d908a7029322d3f06554927a3.jpg,0,0,0,1
099193_jpg.rf.34e5658534400507dcf617b543f71b5c.jpg,0,0,0,1
11_jpg.rf.d0cf43834f8643691139b32a934f261b.jpg,1,0,0,0
128159_jpg.rf.09396eaed8bbd0e3e99eb450a7a2c376.jpg,0,0,0,1
174_jpeg_jpg.rf.a341df8f445fab34f11df7fff0de788e.jpg,1,0,0,0
175_jpeg_jpg.rf.81b0d800f2209c2b21beee716fa4d572.jpg,1,0,0,0
176_jpeg_jpg.rf.c9366aaad1dbdcd74c4c32c0d5bd066f.jpg,1,0,0,0
178_jpeg_jpg.rf.62b8356dec5973d2b8037925c5e1544c.jpg,1,0,0,0
17_jpg.rf.e03cc71b093f734654287d521371a7c5.jpg,0,0,0,1
183_jpg.rf.98494c928d6823ec56f7b58b3fc58a5f.jpg,1,0,0,0
189fe5ca-3e08-4f4b-9d3e-3157e46e9596_jpeg_jpg.rf.473326fcc8e36dbbfe133cdd410c6566.jpg,1,0,0,0
18_jpg.rf.1d14a838eaa4b35939b7c9fc7dd19021.jpg,0,0,0,1
19_jpg.rf.d8eae4ed3bec9586334280bed5f74f89.jpg,0,0,0,1
1_107_jpeg.rf.df233b3752eb3dd30d7e43bdce7e3bd3.jpg,0,1,0,0
1_110_jpg.rf.8ae31d2ddff33d34cba46027f7401269.jpg,0,1,0,0
1_111_jpg.rf.27ea4e559998d7d541b1a3947700f7aa.jpg,0,1,0,0
1_113_jpg.rf.70b7a657d5795ba790d0c7d7c290dae0.jpg,0,1,0,0
1_114_jpeg.rf.40572a43307e0e00f72acf241e8c2edf.jpg,0,1,0,0
1_115_jpeg.rf.366525d2e1af5ad9cfae654489aad06c.jpg,0,1,0,0
1_jpg.rf.1cb17da20ba0e60b99149532a8fce657.jpg,0,1,0,0
204349_jpg.rf.69340a54b9453066d18de4baa16126c6.jpg,0,0,0,1
21_jpg.rf.f6354c0681a0dad180ff5032dc5c7268.jpg,0,0,0,1
23_jpg.rf.000669cd52fca693d95472a127da94c3.jpg,0,1,0,0
24_jpg.rf.2562445506627113593e7e44e9ef0cf8.jpg,0,1,0,0
24_jpg.rf.2935e9c008578568f3acf8fe417e54b9.jpg,1,0,0,0
31_jpg.rf.0091af5b51b1702b4e92976903b364df.jpg,1,0,0,0
331410_jpg.rf.420621734746b514e375382fc37d1a08.jpg,0,0,0,1
338191_jpg.rf.3c9b437de142a2023a2a1b09ea572cb8.jpg,0,0,0,1
3723e4cf-2b9e-4ed8-b688-3c77eff8367d_jpeg_jpg.rf.379e61226921c01268e3f07f40064540.jpg,1,0,0,0
39_jpg.rf.0c02a51d68114d65f5cddb9235d8a99f.jpg,1,0,0,0
3_jpg.rf.56b9e3d16034283310b8b1b85a8d7e2b.jpg,1,0,0,0
3n6_jpeg_jpg.rf.b56d1c41dc015b7dab6e9a4322e3a2f7.jpg,1,0,0,0
40_jpg.rf.ae3463160738da29a04c595d6eb76449.jpg,0,1,0,0
41_jpg.rf.092bd3c5545dcfd301df21317eb6b138.jpg,0,1,0,0
42_png_jpg.rf.3177a8b7a9a6c727f2dca48496007fb1.jpg,1,0,0,0
452010_jpg.rf.d5521c2307fdaf1bfe7a927ec1ff6c0f.jpg,0,0,0,1
4_jpg.rf.407ad1d5a64d0bcf2ccbee2599b00e6a.jpg,0,1,0,0
511011_png.rf.75ea0e632f2e31020945546e267fb04a.jpg,0,0,0,1
534031_png.rf.a5526e103d1db31dee922f9579e9fa59.jpg,0,0,0,1
53_jpeg_jpg.rf.1ef3d16985e0a43b4e4e8b28f35ad136.jpg,1,0,0,0
626b47e4-b743-43eb-b136-dbe88c8613d4_jpeg_jpg.rf.40c8f062e7249198cc11604c0ddf80ea.jpg,1,0,0,0
62d7d772-1fd3-4fe1-a945-5fcb653332df_jpeg_jpg.rf.b07646b49d21c65e3e6966f2141294c7.jpg,1,0,0,0
6_jpg.rf.2b0328b5fdb049e3ec1ea8edda0b9709.jpg,1,0,0,0
70246a98-0e81-41ec-9eb8-0a3489f5e171_jpeg_jpg.rf.62f570511e022a3d9ad2eda681bbdcc0.jpg,1,0,0,0
77f6b685-ddb1-4196-8f64-084005fb9172_jpeg_jpg.rf.aa5fbde0b5b09ea38d549a60ded4c504.jpg,1,0,0,0
78227701-a710-4a1f-9d1f-62aae1a89988_jpeg_jpg.rf.92fb8fd88e785107d2e542aa6ce52b18.jpg,1,0,0,0
862b292a34378a3db40b2d3576f8e5c6_png_jpg.rf.5f530f2409e93c373da47a8e645cbce0.jpg,0,1,0,0
926dc032-cf07-47c7-9734-fa70038f4b0c_jpeg_jpg.rf.37e7d589eb5b2b7d23d50ee796ef010a.jpg,1,0,0,0
966d2291-6968-4884-b1a1-60a0e8c8de10_jpeg_jpg.rf.5076727c967088172fc92e7363667d35.jpg,1,0,0,0
99382b38-6fcc-4df2-8791-06957cae6d35_jpeg_jpg.rf.55f46dbdfbdf43c312944d4cc39fa2a8.jpg,1,0,0,0
9cf3c4f1-7ada-48bc-9ad3-d12fe9d28e7b_jpeg_jpg.rf.7ae55d998d454aa6beb238ebe1ffbba6.jpg,1,0,0,0
AdobeStock_248738576-min-scaled_jpg.rf.e019b1fbb6a23eda6f4c75f81221ece3.jpg,1,0,0,0
Foliculitis_-310-_jpg.rf.4a9298770c1e28b8a26735da5aea38c8.jpg,0,1,0,0
Foliculitis_-5-_jpg.rf.9fc79465712850f9d4e675b840001272.jpg,0,1,0,0
IMG-20241029-WA0037_jpg.rf.13cf12954dd559884bb1051a1cd1aa30.jpg,1,0,0,0
IMG-20241029-WA0046_jpg.rf.a34c0e6db84fa9097be2614dd1af7397.jpg,1,0,0,0
IMG-20241029-WA0049_jpg.rf.adf877eb7602e987041885e0ab41f9a6.jpg,1,0,0,0
IMG-20241029-WA0050_jpg.rf.36f9a6955fd936f45bffd0b92c4c895e.jpg,1,0,0,0
IMG-20241029-WA0054_jpg.rf.a0e5967e38222fc9e359373fb50c4bc4.jpg,1,0,0,0
IMG-20241029-WA0058_jpg.rf.08a424c6a34b3cd35c70e53cb21e10a3.jpg,1,0,0,0
IMG-20241029-WA0059_jpg.rf.98b9b2d3617388f3f7f9306b523e6780.jpg,1,0,0,0
IMG-20241029-WA0060_jpg.rf.9c06a84c432493b7a20ad3cac7fa2219.jpg,1,0,0,0
IMG-20241029-WA0061_jpg.rf.6b9ae9e80ba2d9a03e9783f258ad80b8.jpg,1,0,0,0
IMG-20241029-WA0063_jpg.rf.ba7cdfa2d134a98f78ea71e1a68f123a.jpg,1,0,0,0
IMG-20241029-WA0069_jpg.rf.89bd241851dff0f03814c0171a6dc5df.jpg,1,0,0,0
IMG-20241029-WA0076_jpg.rf.79ef6d039b95362d1e873f907cec8595.jpg,1,0,0,0
IMG-20241029-WA0077_jpg.rf.42d98d9e7dfc28e32ad89d59161a3920.jpg,1,0,0,0
IMG-20241029-WA0088_jpg.rf.20d8b13c25f81fbbe5584fd2042f2fe1.jpg,1,0,0,0
IMG-20241029-WA0091_jpg.rf.bfc0cb590fa74e1da4c7b7f329432c2f.jpg,1,0,0,0
IMG-20241029-WA0093_jpg.rf.a63ac52e10bb8fad492836c6d2c7b12f.jpg,1,0,0,0
IMG-20241029-WA0096_jpg.rf.70668f7dbfc7185d47566a62ad38cfb0.jpg,1,0,0,0
IMG-20241029-WA0100_jpg.rf.9d929e3821195569a2f7bbfa177e776a.jpg,1,0,0,0
IMG-20241029-WA0115_jpg.rf.c7e28e1fc03e20890e5ea923ab503094.jpg,1,0,0,0
IMG-20241029-WA0125_jpg.rf.51875683e79d1787b874b508161a9197.jpg,1,0,0,0
IMG-20241030-WA0016_jpg.rf.ac2aee7ebf78c8c3bc0d7ecdc0060122.jpg,1,0,0,0
IMG-20241030-WA0020_jpg.rf.f60787f615c41c32930f44bb03a0ad20.jpg,1,0,0,0
IMG-20241030-WA0021_jpg.rf.afff01a32cfe185027828adb8c2d01a3.jpg,1,0,0,0
IMG-20241030-WA0026_jpg.rf.5366eb6c586b187b91ed30382f61e4e9.jpg,1,0,0,0
IMG-20241030-WA0027_jpg.rf.ea73eff6d92d6aeaf0d432e67c14e2cf.jpg,1,0,0,0
IMG-20241030-WA0029_jpg.rf.b2bed76ce1898a4f1e2c17bcd63129d4.jpg,1,0,0,0
IMG-20241030-WA0031_jpg.rf.47d722045aa8ead5a5d309dede7a10d7.jpg,1,0,0,0
IMG-20241106-WA0009_jpg.rf.83a55e26595cd8cb6d0f2377cee78678.jpg,1,0,0,0
IMG-20241106-WA0012_jpg.rf.be8e3957326b424a5d17cdb562cf87e7.jpg,1,0,0,0
IMG-20241106-WA0020_jpg.rf.30acad04bab6dff5ee16959f720a31c1.jpg,1,0,0,0
IMG-20241106-WA0022_jpg.rf.05d4cc3961cfa95383051429616e3257.jpg,1,0,0,0
IMG-20241106-WA0028_jpg.rf.0733f9af4922a973fe599cdfa8d81d6e.jpg,1,0,0,0
IMG-20241106-WA0032_jpg.rf.d01d84a21137a23dc610d56e5001fe01.jpg,1,0,0,0
IMG-20241106-WA0035_jpg.rf.4c2c7e700d1eb9198b41513203ae328a.jpg,1,0,0,0
IMG-20241106-WA0036_jpg.rf.f3bb1b8ada9ad3c23ece5d69f3c4d01c.jpg,1,0,0,0
IMG-20241106-WA0037_jpg.rf.20c42aa11034549d1b4f625a79d81448.jpg,1,0,0,0
IMG-20241106-WA0038_jpg.rf.45bdcc840d66ee13492d59e86ddf6fef.jpg,1,0,0,0
IMG-20241106-WA0042_jpg.rf.884e5ba068a06c1455b48b4628cce018.jpg,1,0,0,0
IMG-20241106-WA0058_jpg.rf.95e3ccdb3484597c29fb43f58c4a4a89.jpg,1,0,0,0
IMG-20241106-WA0059_jpg.rf.2f742122ea82d748530632841e3acdfb.jpg,1,0,0,0
IMG-20241106-WA0061_jpg.rf.fcd070756b770073df7952e0fcd715fe.jpg,1,0,0,0
IMG-20241106-WA0065_jpg.rf.3eecb38630dcf5354b63c17848ddda91.jpg,1,0,0,0
IMG-20241106-WA0074_jpg.rf.f8d915d63f64d2fc6f350ba88554f84a.jpg,1,0,0,0
IMG-20241106-WA0078_jpg.rf.d476244e0a85ef409434a567533290b3.jpg,1,0,0,0
IMG-20241106-WA0095_jpg.rf.4c6472b9329798f6ce32e5b9c186aa2f.jpg,1,0,0,0
IMG-20241106-WA0097_jpg.rf.be5780509b5ce5c33dc3ae11af6854cd.jpg,1,0,0,0
IMG-20241106-WA0104_jpg.rf.04f039f8428d8e023df46fadcd2b3807.jpg,1,0,0,0
IMG-20241106-WA0110_jpg.rf.5630c737f2fa67d8465d393c98e0b131.jpg,1,0,0,0
IMG-20250112-WA0010_jpg.rf.56533700947a6cdb0263922aa587da87.jpg,1,0,0,0
IMG-20250112-WA0018_jpg.rf.844f87571f29e1eb208bac97254249c2.jpg,1,0,0,0
IMG-20250112-WA0053_jpg.rf.27faf7538291d90e187c58d8d6bafabd.jpg,1,0,0,0
IMG_9649_PNG_jpg.rf.24b28ce248f554975964cbf6503fc86a.jpg,1,0,0,0
IMG_9651_PNG_jpg.rf.4aa4752a2322b6067b96ce65a4c64b52.jpg,1,0,0,0
IMG_9656_PNG_jpg.rf.02ff32e97d93ac57f0362e3ed251422b.jpg,1,0,0,0
IMG_9661_PNG_jpg.rf.37e703d6ffdf7dbb639fe499d49968fd.jpg,1,0,0,0
IMG_9662_PNG_jpg.rf.02c0c9175b33ce3bdd21c864b1aff0f5.jpg,1,0,0,0
IMG_9664_PNG_jpg.rf.3cdc78ebd5f39ea476dae4f82574f68d.jpg,1,0,0,0
IMG_9667_PNG_jpg.rf.6a8866b75fe72e66f22826dd837d68e6.jpg,1,0,0,0
IMG_E9654_JPG_jpg.rf.eb4b0a7e793af96e7de5fc5c42dbafef.jpg,1,0,0,0
IMG_E9660_JPG_jpg.rf.9d6201045644acce8518760a7d4343de.jpg,1,0,0,0
IMG_E9665_JPG_jpg.rf.aff98f1c76b9c4fbf3bfe45b4f49c9e0.jpg,1,0,0,0
IMG_E9668_JPG_jpg.rf.36ccb60f987c6f3a7167822167f11b41.jpg,1,0,0,0
IMG_E9672_JPG_jpg.rf.35865097f76b5f51ab8ea9c7d35dc3cd.jpg,1,0,0,0
IP_jpeg_jpg.rf.21f36cc90213ceb3f1a05e3cfb400625.jpg,1,0,0,0
O_jpeg_jpg.rf.ecfb368b51520d91ce4a82ea423c52dc.jpg,1,0,0,0
Screen-Shot-2020-09-01-at-12-27-52-PM-1_png.rf.ef1284ab622c102c68500b3c5c0605dc.jpg,1,0,0,0
WIN_20220208_16_07_48_Pro_jpg.rf.8a0c2d2edff05bde71f431aa1597438f.jpg,0,0,0,1
WIN_20220208_16_17_25_Pro_jpg.rf.cbe0f9de571410ef431bbfc5b4a8623c.jpg,0,0,0,1
WhatsApp-Image-2024-09-24-at-23-29-41_jpeg_jpg.rf.426bf6e38415cac6a61db94776c546ee.jpg,0,1,0,0
WhatsApp-Image-2024-09-24-at-23-29-45-1-_jpeg_jpg.rf.257e42f5ae76da300d55c701a35bff7a.jpg,0,1,0,0
WhatsApp-Image-2024-09-24-at-23-29-51_jpeg_jpg.rf.6521333bdf2f27fd9d69beadcac3e961.jpg,0,1,0,0
WhatsApp-Image-2024-09-24-at-23_29_42_jpeg_jpg.rf.21aa4ab4fcfbf546f8a4cb6521345ca7.jpg,1,0,0,0
WhatsApp-Image-2024-11-10-at-14-17-03_d77e6ef9_jpg.rf.6668f2221eca274b0d30cbaf095306fe.jpg,1,0,0,0
WhatsApp-Image-2025-01-12-at-18_35_36_59b0a957_jpg.rf.3c8025f4bff43288652e118ae4829aa1.jpg,1,0,0,0
WhatsApp-Image-2025-01-12-at-18_35_37_dd7d7ea4_jpg.rf.71a69c09ea2d8e5ab1664b39c111ac7a.jpg,1,0,0,0
WhatsApp-Image-2025-01-12-at-19_12_06_1c239e6e_jpg.rf.b1803185252e400153b8066f17153da8.jpg,1,0,0,0
WhatsApp-Image-2025-01-12-at-19_12_14_071e375e_jpg.rf.890cf30eb07f07aaa74df40b76448358.jpg,1,0,0,0
WhatsApp-Image-2025-01-12-at-19_12_21_d0d10a4a_jpg.rf.750e8ced97dac62e4eb0b96c25096a48.jpg,1,0,0,0
WhatsApp-Image-2025-01-12-at-19_12_28_e76df32f_jpg.rf.653a13cd740cc99721df0108df3f415f.jpg,1,0,0,0
WhatsApp-Image-2025-01-12-at-19_26_56_f1eb7d2b_jpg.rf.54fb2bec5d6485d0c5a0c6f00ba8ce2a.jpg,1,0,0,0
WhatsApp-Image-2025-01-12-at-19_26_59_2bd3e627_jpg.rf.b36c8700652de1fd670700f602ce4a24.jpg,1,0,0,0
WhatsApp-Image-2025-01-12-at-19_26_59_3b22e98d_jpg.rf.66880bfaa91518f6c097534dade7594c.jpg,1,0,0,0
WhatsApp-Image-2025-01-12-at-19_26_59_a4cb7baf_jpg.rf.d8fafa75289db3bdc304ae70c245edbb.jpg,1,0,0,0
WhatsApp-Image-2025-01-12-at-19_27_00_51076b48_jpg.rf.1839a2140e1a48240895a4e7114c4756.jpg,1,0,0,0
WhatsApp-Image-2025-01-12-at-19_27_00_d267aa38_jpg.rf.0ea6f94a5ad7f68986e9c5c654203d18.jpg,1,0,0,0
WhatsApp-Image-2025-01-12-at-20_28_00_a885ebaf_jpg.rf.4293fae7c2c560381eda1a0c7f6da85e.jpg,1,0,0,0
WhatsApp-Image-2025-01-12-at-20_28_01_a2d8d063_jpg.rf.3e25d382407eb109cfb51d39e6094f66.jpg,1,0,0,0
WhatsApp-Image-2025-01-12-at-20_28_02_2f0d29ab_jpg.rf.c9036fe8e50aa162b8b1844bfcb9bebe.jpg,1,0,0,0
WhatsApp-Image-2025-01-12-at-20_28_02_429a975a_jpg.rf.a2f0c7b14c0d2391d545eb87c9cb8295.jpg,1,0,0,0
WhatsApp-Image-2025-01-12-at-20_28_07_26d5abd4_jpg.rf.29db08c487cdf3735e9b71fc6fae2cee.jpg,1,0,0,0
WhatsApp-Image-2025-01-12-at-20_28_11_41930adb_jpg.rf.b57e64ee6afd4d36108307a58b33eaea.jpg,1,0,0,0
WhatsApp-Image-2025-01-12-at-20_33_31_8ee5811e_jpg.rf.50278556e45eb47becbcaf80d5d1e36e.jpg,1,0,0,0
WhatsApp-Image-2025-01-12-at-20_33_33_3a1b1217_jpg.rf.2e46d4c3d10a900e17991021e59b8ce2.jpg,1,0,0,0
WhatsApp-Image-2025-01-12-at-20_33_33_e7bf96bf_jpg.rf.e5809078df7885fd9c275d3cec12b148.jpg,1,0,0,0
WhatsApp-Image-2025-01-12-at-20_33_34_255e7afd_jpg.rf.e45e559e69e503e75c4047bd3ee337c0.jpg,1,0,0,0
WhatsApp-Image-2025-01-12-at-20_33_35_58d4c6ea_jpg.rf.1daabc30fb242ae33e752153ffcb0741.jpg,1,0,0,0
ab33e28e-24d4-4f0f-bb6c-20ecb2f90a04_jpeg_jpg.rf.e563c51d47327f59af09edb880d9ebee.jpg,1,0,0,0
abscess-nodular-acne-face-asian-260nw-2481726247_jpg.rf.a55bb7cf38fa3e56a5d57e3167fdc475.jpg,1,0,0,0
acne-help-big-nodular-painful-acnes-v0-filfw0j9bkzd1_jpg.rf.4c90992a99ff274e8001270904535b1d.jpg,1,0,0,0
acne_conglobata_-105-_jpg.rf.467c595f24067523c7419ad2159eb51b.jpg,0,1,0,0
acne_conglobata_-105-_jpg.rf.a1005c87192c0f3f17ae333ae38bb24d.jpg,0,1,0,0
aug_1_100_0_5562_jpeg.rf.54d8b0ae7d1922e1f317c517b60ec4f9.jpg,0,1,0,0
aug_1_102_0_6756_jpeg.rf.0459331f9e930306c89b1d78bdc81f30.jpg,0,1,0,0
aug_1_103_0_4739_jpeg.rf.ee9dd5e68f36bd65deb52a524d3f3d15.jpg,0,1,0,0
aug_1_103_0_6551_jpeg.rf.aa2b962ffc8e980317c929024a3eb4b0.jpg,0,1,0,0
aug_1_104_0_8119_jpeg.rf.3279291b5dc353e0a71dea666674ed43.jpg,0,1,0,0
aug_1_105_0_5714_jpeg.rf.9e5a9bfd1dbb1b8927f51e5cef551144.jpg,0,1,0,0
aug_1_109_0_649_jpeg.rf.f6be9ac9a5e76a3e65ad9231ac84f4fa.jpg,0,1,0,0
aug_1_110_0_3990_jpeg.rf.57daa078a95654d6444a0258b51f9ac7.jpg,0,1,0,0
aug_1_119_0_167_jpeg.rf.b8bfb55d3c325d2dfa308557e28f06bd.jpg,0,1,0,0
aug_1_11_0_7648_jpeg.rf.ccc7c210ea43d08732d7f6a05695c86e.jpg,0,1,0,0
aug_1_21_0_2299_jpeg.rf.5377c1eb17759dd1b02e1eb5edec6a34.jpg,0,1,0,0
aug_1_69_0_4005_jpeg.rf.591ad4aec81b29ae3fa71eca88bfbc17.jpg,0,1,0,0
aug_1_6_0_4836_jpeg.rf.418fd92bca861d55e34c7b381e604e5c.jpg,0,1,0,0
aug_1_70_0_7361_jpeg.rf.59cbb21416897e16d35c730eb8bafaa3.jpg,0,1,0,0
aug_1_72_0_3763_jpeg.rf.a0f6558050d8c07b0e243728d68a5ebb.jpg,0,1,0,0
aug_1_73_0_636_jpeg.rf.c20fafd787d89707ae77343b9db6ea0e.jpg,0,1,0,0
aug_1_77_0_206_jpeg.rf.5e7df1a5404840fec140d8231df08a75.jpg,0,1,0,0
aug_1_77_0_8256_jpeg.rf.b01d36092e1f39c2ebff4233add746c2.jpg,0,1,0,0
aug_1_7_0_7306_jpeg.rf.99f3f46194fc97587c78e90ae1763997.jpg,0,1,0,0
aug_1_80_0_173_jpeg.rf.47987d69e622d29b0b3bd0dffd93200e.jpg,0,1,0,0
aug_1_84_0_3631_jpeg.rf.9304db868dceb26a03e9cb8377455a79.jpg,0,1,0,0
aug_1_86_0_9660_jpeg.rf.e98db727f684cef7247ff186aae5bfde.jpg,0,1,0,0
aug_1_88_0_3219_jpeg.rf.471597e372360a39da7064deb4c42b01.jpg,0,1,0,0
aug_1_92_0_1597_jpeg.rf.98ae39bd54217b9ef1d123311b6c9fc7.jpg,0,1,0,0
aug_1_92_0_9120_jpeg.rf.d809b86636ff21e194887cc786d281b9.jpg,0,1,0,0
aug_1_96_0_2948_jpeg.rf.4cdbc4761c56850ef3f2f925a106b23b.jpg,0,1,0,0
aug_1_99_0_5197_jpeg.rf.7a8997ca50d24b9c0a750b2fedcdc617.jpg,0,1,0,0
b-12_jpg.rf.91fe02520162a4cd4bb2ff31100006f6.jpg,0,1,0,0
b-12_jpg.rf.b6086dbfe16447d19c2746dc292989ae.jpg,1,0,0,0
b-14_jpg.rf.5edcd4e69049617448a5f39522b7cc5f.jpg,0,1,0,0
b-17_jpg.rf.d2cd7872c4057fe9e379104b9f0d9ac6.jpg,0,1,0,0
b-19_jpg.rf.b554a8f8d600cc7ee7e0fac8350afe49.jpg,0,1,0,0
b-24_jpg.rf.87c19f4bb0292b8dabce9106853c12f8.jpg,0,1,0,0
b-25_jpg.rf.c68a8dfb4b3dcc0fac4aff06e38da000.jpg,0,1,0,0
b-26_jpg.rf.f77a1a30cddbf348bc09d1c260a0dfdc.jpg,0,1,0,0
b-42_jpg.rf.b64f4c0a37fdb0d74eb6a34efa5752b1.jpg,0,1,0,0
b-61_jpg.rf.1684bf4e4a19f80be5b627643007f294.jpg,0,1,0,0
b-63_jpg.rf.e86c8fc581264ad9fee1cbe6b5c36a4f.jpg,0,1,0,0
b-6_jpg.rf.471786784d593ab50f649cf3e5cd906b.jpg,0,1,0,0
b03889b1-1009-418e-85fa-e700c8685b91_jpeg_jpg.rf.462814bf48e43e5486678ab9f3a5ec41.jpg,1,0,0,0
b169eaffecbee053e60da82adfc2d256_jpg.rf.725ed1b69614061ba671eefeee228a73.jpg,0,1,0,0
b16_jpg.rf.e5093462c28f976e9ccfb240e18c6777.jpg,0,1,0,0
b1_jpg.rf.01243e00c2c769ef2032bcf9db48aa70.jpg,1,0,0,0
b1_jpg.rf.c10be95ce16f8a42bb4cfaee73b9ad89.jpg,0,1,0,0
b2-6_jpg.rf.256efaffbf951d5f8f42660a0d51fa53.jpg,0,1,0,0
b20_jpeg_jpg.rf.8ec1eae39d4035a471cef0c92bea35da.jpg,0,1,0,0
b24_jpg.rf.840e70a01b5ed89026395679c96b5092.jpg,1,0,0,0
b24_jpg.rf.decc82abe0cb28674c8e3896bc30efc3.jpg,1,0,0,0
b36_jpg.rf.2e67bb77e030fe3b73d0761d72ec554b.jpg,0,1,0,0
b37_jpg.rf.89da98ccaf579c5926f25945f8c05134.jpg,0,1,0,0
b38_jpg.rf.832e638b7da3f8520521b1921a941a1f.jpg,0,1,0,0
b39_jpg.rf.344ead08e8052a993fd173143093fd3c.jpg,0,1,0,0
b3_jpg.rf.160e67bf7bccc56754087e3de9f3b6c7.jpg,0,1,0,0
b40_jpg.rf.d295017737115ed42484670de01c2464.jpg,0,1,0,0
b44_jpg.rf.96c28ac4c07aa4c01a008083a347dec7.jpg,0,1,0,0
b46_jpg.rf.ed0ad89cb038562e6f7dbcca221c8ea3.jpg,0,1,0,0
b6-8_jpeg_jpg.rf.0cf9c9b4ab37aa772d3fbae34849dee2.jpg,1,0,0,0
b67_jpeg_jpg.rf.2cf6af8151fe30b04ca60113e0d32806.jpg,0,1,0,0
b79b2114-2a52-4d8d-a773-f552e3314f7f_jpeg_jpg.rf.ede539a15d868cd4c42e834f5cf69f66.jpg,1,0,0,0
b7_jpg.rf.57e32d84a348f4a2abf28d9ed0575a29.jpg,0,1,0,0
b8_jpg.rf.87ea7ea69dcb3f6657037ea37fb702e6.jpg,0,1,0,0
bj-peg_jpeg_jpg.rf.ea71bd7217de477e04d0bc673a41007d.jpg,1,0,0,0
blackhead-1-_JPG_jpg.rf.80fd42700b6e62fe05c0728a5bdaba3b.jpg,0,1,0,0
blackhead-10-_JPG_jpg.rf.8c82b9726da0429c2c987673106489ba.jpg,0,1,0,0
blackhead-12-_jpg.rf.537a99b24c233ded9b8d2ade1a18bae3.jpg,0,1,0,0
blackhead-12-_jpg.rf.727ed29d1cf6c26d9982d455d9c36849.jpg,0,1,0,0
blackhead-17-_JPG_jpg.rf.27daac0595204728ec60d7d92b87639b.jpg,0,1,0,0
blackhead-17-_JPG_jpg.rf.f79934d8fff57cd317079d4db376c6ad.jpg,0,1,0,0
blackhead-19-_jpg.rf.fc4ee2bd498a6daa4a1dadabaece48ff.jpg,0,1,0,0
blackhead-2-_jpg.rf.98a6a990f7ccbf352c9c21fc0002d0d3.jpg,0,1,0,0
blackhead-20-_jpg.rf.54b592d12797d17858f6f99a349765ae.jpg,0,1,0,0
blackhead-21-_jpg.rf.2290edce02508b7655c72634c0927b6b.jpg,0,1,0,0
blackhead-24-_jpg.rf.b7e33e1d6fd39ab84331b9f0bfc288f1.jpg,0,1,0,0
blackhead-25-_jpg.rf.90d50bc33b3380832cd0070b09903df4.jpg,0,1,0,0
blackhead-26-_jpg.rf.bdc66734e484a5d72ccf96c5827acd1e.jpg,0,1,0,0
blackhead-28-_jpg.rf.29e1fe5b7013cbc2e1fd8d580b4a87e4.jpg,0,1,0,0
blackhead-3-_jpg.rf.a32aabc01c49fe7ff3cf06a417db3d98.jpg,0,1,0,0
blackhead-31-_JPG_jpg.rf.6c3f7fef8ec542f1e1a689d8ee8952e3.jpg,0,1,0,0
blackhead-33-_jpg.rf.01ef41cead8533d1f0a15cca76382049.jpg,0,1,0,0
blackhead-33-_jpg.rf.62a9e454ba082787b28034592862cda6.jpg,0,1,0,0
blackhead-36-_jpg.rf.cef344877096ed41cc6a011fc44cad08.jpg,0,1,0,0
blackhead-37-_jpg.rf.98ec6e921d800fce25aec3dc7a830b12.jpg,0,1,0,0
blackhead-41-_JPG_jpg.rf.b0c2ea153c988a7b457934049561fa6f.jpg,0,1,0,0
blackhead-42-_JPG_jpg.rf.64453d4fc0328eb8688b03b321168d16.jpg,0,1,0,0
blackhead-42-_JPG_jpg.rf.ad1c0b49a963163b7079eb1784b13408.jpg,0,1,0,0
blackhead-42-_JPG_jpg.rf.cd52f6ecec60eee7809d8aab367c8d1b.jpg,0,1,0,0
blackhead-43-_JPG_jpg.rf.76f2eb5a87ebb67660adf6d526ac9ca7.jpg,0,1,0,0
blackhead-44-_JPG_jpg.rf.6587a842c635eebdec962d4ead423ea7.jpg,0,1,0,0
blackhead-48-_jpg.rf.20359713edb2733ec776ae4a131a004a.jpg,0,1,0,0
blackhead-49-_jpg.rf.4558f6ef4501cb40005104224481cd66.jpg,0,1,0,0
blackhead-5-_JPG_jpg.rf.0fc70a7e6e59d68b1acb0e34f3ab7c72.jpg,0,1,0,0
blackhead-52-_JPG_jpg.rf.17520da2f97b8decb97807fca8d5f292.jpg,0,1,0,0
blackhead-54-_JPG_jpg.rf.bb940e2b2ad7ebc3e593502ec474af2a.jpg,0,1,0,0
blackhead-55-_JPG_jpg.rf.f5f277c12cda353a94cbf9daced30e38.jpg,0,1,0,0
blackhead-6-_JPG_jpg.rf.5b08b9a437922dda64339843ee786d4f.jpg,0,1,0,0
blackhead-6-_JPG_jpg.rf.8b592553710b40bec967bf65fd3f8d94.jpg,0,1,0,0
blackhead-6-_JPG_jpg.rf.db19b2c09f9c097a0bc94b3eb0cbf4d4.jpg,0,1,0,0
blackhead-6-_JPG_jpg.rf.df6c4d72d3b429ddca57c60635025295.jpg,0,1,0,0
blackhead-62-_JPG_jpg.rf.cd1ac050aa5d18576c2191bbc81648fd.jpg,0,1,0,0
blackhead-63-_JPG_jpg.rf.8e17e0df01e761dc6721fdf526cfa985.jpg,0,1,0,0
blackhead-63-_JPG_jpg.rf.b207072918302989d5389aa5733f34a5.jpg,0,1,0,0
blackhead-65-_JPG_jpg.rf.f47dc66b63b112d4520589ea4d77a5d2.jpg,0,1,0,0
blackhead-66-_JPG_jpg.rf.ce156827af6ea93d573f70a69295fa5d.jpg,0,1,0,0
blackhead-66-_JPG_jpg.rf.ce9e4bb7990c4df80d3363951db5409f.jpg,0,1,0,0
blackhead-67-_jpg.rf.2a75a5e5a2e2e6198fb9e25ec4a62d2f.jpg,0,1,0,0
blackhead-67-_jpg.rf.dffe063920c5ffec0c5cdf0f79d3832e.jpg,0,1,0,0
blackhead-67-_jpg.rf.e51c796236141409eea68e969ac88346.jpg,0,1,0,0
blackhead-68-_jpg.rf.4386ac85f93b5aad3fa337439191c6cb.jpg,0,1,0,0
blackhead-69-_jpg.rf.08759955e072fead7ac31628acb7e87d.jpg,0,1,0,0
blackhead-69-_jpg.rf.46ca80c3c8a567c04485d3a66d80c03f.jpg,0,1,0,0
blackhead-7-_JPG_jpg.rf.564ff700959f1cb1891a0a72da2217f1.jpg,0,1,0,0
blackhead-73-_JPG_jpg.rf.790c7216afe8764b78670f1044e5d718.jpg,0,1,0,0
blackhead-76-_JPG_jpg.rf.5707bc39e0333f9f2078616185dd2f7f.jpg,0,1,0,0
blackhead-76-_JPG_jpg.rf.fe5282acdeaf77d3bd2342c366f6faaa.jpg,0,1,0,0
blackhead-78-_JPG_jpg.rf.2e716fa73ccef61fb4137055f8716217.jpg,0,1,0,0
blackhead-79-_JPG_jpg.rf.a9381e508c7e37d3a1b4758b9738de3d.jpg,0,1,0,0
blackhead-8-_JPG_jpg.rf.39ea5415182f5bd47008af44d1b18ee6.jpg,0,1,0,0
blackhead-8-_JPG_jpg.rf.59e4feea95805a7aee1e569ddd2aeb0c.jpg,0,1,0,0
blackhead-8-_JPG_jpg.rf.931a51b148211ed7f896262cd0b23b45.jpg,0,1,0,0
blackhead-9-_JPG_jpg.rf.7dacc820e7a479ab9d0c6402fc2cb3be.jpg,0,1,0,0
blackhead_02_jpeg.rf.abca18f81a02fba01b9357e0a496fa1c.jpg,0,1,0,0
blackhead_04_jpg.rf.ead37f7391ca8ed28a8a4346ce4b7e30.jpg,0,1,0,0
blackhead_05_jpg.rf.50f56cd211dc38e32b1aed057e709a10.jpg,0,1,0,0
blackhead_07_jpeg.rf.3c45f250a8b6ec8cfa49ef4235894056.jpg,0,1,0,0
blackhead_08_jpeg.rf.29cd8478772d51383c5d1d3d4b074b42.jpg,0,1,0,0
blackhead_104_jpg.rf.587e9116baaa505b5d3d8b635179da4e.jpg,0,1,0,0
blackhead_10_jpeg.rf.e64a0bb6386f040e8c4c3fd5137f1399.jpg,0,1,0,0
blackhead_118_jpg.rf.6186eba0784ead1bd0f8d590a81e0d1d.jpg,0,1,0,0
blackhead_122_jpg.rf.5ff8f27915a6ca8ad63d518796026969.jpg,0,1,0,0
blackhead_122_jpg.rf.ec3714202954eb4cf432bbeaf56a6ae5.jpg,0,1,0,0
blackhead_123_jpg.rf.d5d72ea5c5b0cd4aef3257ac49473819.jpg,0,1,0,0
blackhead_12_jpg.rf.959facc6e74f97237b81b1cd0cc74ffe.jpg,0,1,0,0
blackhead_131_jpg.rf.1006e53dcbb96b2043fa2d913aed8ceb.jpg,0,1,0,0
blackhead_134_jpg.rf.e13cca9db4ca2ba84360a568b5908fc6.jpg,0,1,0,0
blackhead_138_jpg.rf.6dfe4c35a4edc7040693950795fff3b2.jpg,0,1,0,0
blackhead_142_jpg.rf.654ce9beb7ff1ed49437fd7715dc3e61.jpg,0,1,0,0
blackhead_144_jpg.rf.533d3a8a8ff119e531217042b72ff018.jpg,0,1,0,0
blackhead_148_jpg.rf.7a70c0f8cb35c71d25c15aa08c9e048c.jpg,0,1,0,0
blackhead_154_jpg.rf.e51a24ecbf82bf50f058ceedc1d56d45.jpg,0,1,0,0
blackhead_156_jpg.rf.3e58d9268dfd185befb1e4ff58d92f6b.jpg,0,1,0,0
blackhead_158_jpg.rf.051fe3a8bbb45272399ee8f36c1967c3.jpg,0,1,0,0
blackhead_161_jpg.rf.56fa52d4899dc5af86bf48a591579cb2.jpg,0,1,0,0
blackhead_17_jpg.rf.74939cf00f59ff160b2fece4bb0d2f65.jpg,0,1,0,0
blackhead_180_jpg.rf.2799898b0e9d001ef4acc45522f4cffd.jpg,0,1,0,0
blackhead_187_jpg.rf.f5756db98cc1e98d3193b822ede9f620.jpg,0,1,0,0
blackhead_188_jpg.rf.5583b0e3e199d37634787b05e3117558.jpg,0,1,0,0
blackhead_193_jpg.rf.1a9afb163b7d598489103f9d6878983f.jpg,0,1,0,0
blackhead_202_jpg.rf.86906629dd88c75620b543b9bc732130.jpg,0,1,0,0
blackhead_202_jpg.rf.8b3322c2ab7d892b32ee9be0ddb0f330.jpg,0,1,0,0
blackhead_206_jpg.rf.f35326f9eb55abc1b3f56f645b1fe58d.jpg,0,1,0,0
blackhead_209_jpg.rf.1b8d1c5a947464e0c303cde96d48aa93.jpg,0,1,0,0
blackhead_216_jpg.rf.dbe214d3826e842a283c7faf4f1ad4ef.jpg,0,1,0,0
blackhead_218_jpg.rf.d1c39b61be1e9d71d828827a30529caa.jpg,0,1,0,0
blackhead_222_jpg.rf.1e025bb7bb169508e8b771290ebaedb0.jpg,0,1,0,0
blackhead_226_jpg.rf.d2da4d02d86483dfc9647332bb866490.jpg,0,1,0,0
blackhead_22_jpg.rf.59c394cf4ca246185f08a3f22e6c3d8e.jpg,0,1,0,0
blackhead_242_jpg.rf.283b573ae24b7861cb0ce002a694601b.jpg,0,1,0,0
blackhead_242_jpg.rf.33994f58bf882611572b0bbc487ad87b.jpg,0,1,0,0
blackhead_242_jpg.rf.87e6de6aed1f1acbf2bba8e72def7203.jpg,0,1,0,0
blackhead_242_jpg.rf.d2790ff8809c0d3f9d6f76c9977845d1.jpg,0,1,0,0
blackhead_24_jpeg.rf.f564a1b4c26cf8de698d4367245dfe80.jpg,0,1,0,0
blackhead_25_jpeg.rf.4582a5fa33fb005f65907fb8ad22600b.jpg,0,1,0,0
blackhead_266_jpg.rf.5b1f2750e92599e9512977de84c560b8.jpg,0,1,0,0
blackhead_26_jpg.rf.2f585e64f2d0d9e106a481a772ad2f4b.jpg,0,1,0,0
blackhead_270_jpg.rf.94bb9170d4c15399a17f08b5fd04eaea.jpg,0,1,0,0
blackhead_29_jpg.rf.130d772db56be9ff66d61a43b018d020.jpg,0,1,0,0
blackhead_33_jpg.rf.fb380f1c006b5eda3bf0d6cf3c7637df.jpg,0,1,0,0
blackhead_34_jpg.rf.e42a3607048a5640bea890821e6ac03b.jpg,0,1,0,0
blackhead_36_jpg.rf.16e7a25979a491161946b97bf77c4090.jpg,0,1,0,0
blackhead_38_jpg.rf.f3b675bd8ab3913645f0595113bc241d.jpg,0,1,0,0
blackhead_40_jpg.rf.1ab5328414b44e1f4f3b0f5f18c4e57d.jpg,0,1,0,0
blackhead_43_jpg.rf.a5deeac5fe828244d1c936fea11c2303.jpg,0,1,0,0
blackhead_546_jpg.rf.47cd57fa73e7297f4f8062943c133b42.jpg,0,1,0,0
blackhead_546_jpg.rf.8870f6a2d270ffac8bc31f56e3400191.jpg,0,1,0,0
blackhead_546_jpg.rf.fef548d7214cc31d68a73386ff2df7a0.jpg,0,1,0,0
blackhead_548_jpg.rf.3b4d49c18fd39fb7fa71b71f0c547dd3.jpg,0,1,0,0
blackhead_548_jpg.rf.969474f7cb2945c673da05ac3cf1427f.jpg,0,1,0,0
blackhead_548_jpg.rf.dcb4cee61dba82436c6032a97637d5f2.jpg,0,1,0,0
blackhead_54_jpg.rf.95017963135bf7b1930569f3a5b6270b.jpg,0,1,0,0
blackhead_55_jpg.rf.10352889d588b4d8ef83a7098be30f54.jpg,0,1,0,0
blackhead_602_jpg.rf.4f9994be65badbf9ac449ed24a75b4e1.jpg,0,1,0,0
blackhead_616_jpg.rf.ee637cf1454061bca422b73895ac2678.jpg,0,1,0,0
blackhead_66_jpg.rf.12f1296f33230b526fc74bf653e015e2.jpg,0,1,0,0
blackhead_77_jpg.rf.39302800dc8d3df334da0a03ae1b961e.jpg,0,1,0,0
blackhead_79_jpg.rf.7dea685e8bc5ec41ca8b7c3f1504304e.jpg,0,1,0,0
blackhead_84_jpg.rf.d62d402fc49487d5792973c1087141e3.jpg,0,1,0,0
blackhead_88_jpg.rf.c260e583d7ba3119964aab1e95b97814.jpg,0,1,0,0
blackhead_91_jpg.rf.e43e0209ef316c5fa2f0e55665bb56fd.jpg,0,1,0,0
blackhead_94_jpg.rf.9942b9dca25fbaf93f3ebe479f18aea2.jpg,0,1,0,0
blackhead_96_jpg.rf.76d659a884e75de6ca1194d9dcd0fdda.jpg,0,1,0,0
c04ec693-a991-40a0-830f-c1cd07ecb19d_jpeg_jpg.rf.7ed724c29c9a70cd74afd96745bad82d.jpg,1,0,0,0
c2e877b4-7685-4396-96c7-1271d09b6a20_jpeg_jpg.rf.b560bd97d88cbc55e128cbed76dd5c3f.jpg,1,0,0,0
c5907c3d-1c30-46fe-8181-1f969c1e3321_jpeg_jpg.rf.a55b733bd79f5bcacca1e6649ed8792b.jpg,1,0,0,0
close-man-problematic-skin-scars-260nw-1296050599_pa_is_ano_jpg.rf.c58891fb3a84c8be74535374249e1fe6.jpg,1,0,0,0
como_acne_191_jpg.rf.bc836e54a167c636512343c28198d7cb.jpg,0,1,0,0
crystalline_acne_-231-_jpg.rf.1e5af5bb7ecf400ec1e53cff26f0d86b.jpg,0,1,0,0
crystalline_acne_-231-_jpg.rf.6900cf50a19f3623b14e0b74a790cea2.jpg,0,1,0,0
crystalline_acne_-290-_jpg.rf.3d21637d3fcc7f24c3f0a3e3cdc2088f.jpg,0,1,0,0
cystic_acne_-10-_jpg.rf.b2a8e44fe86779f8e6fa39508eb313fb.jpg,0,1,0,0
cystic_acne_-168-_jpg.rf.842050f0e501fe05c0503c7d91425ee5.jpg,0,1,0,0
cystic_acne_-175-_jpg.rf.827201e8e713b429fa9b3e046e1a7f28.jpg,0,1,0,0
cystic_acne_-6-_jpg.rf.128f6843bea12ae8b42109fa3edc5153.jpg,0,1,0,0
cystic_acne_-68-_jpg.rf.78245d4b77fb104353655ca4b79d80db.jpg,0,1,0,0
cystic_acne_-68-_jpg.rf.aede5ce3df1982d2a99af2054d5ea0de.jpg,0,1,0,0
cystic_acne_-90-_jpg.rf.a0285f9aa12f0ad82ac5b3029f507522.jpg,0,1,0,0
cystic_acne_-91-_jpg.rf.45141783d8836922fc3b33ff4c324a9c.jpg,0,1,0,0
d3765759-16b0-4b53-9371-237ef14af86b_jpeg_jpg.rf.66a37c0fc352701ba2fa1a4483387f1c.jpg,1,0,0,0
d_jpg.rf.15f88d4a7bd444f8a99fd0365aebce37.jpg,1,0,0,0
d_jpg.rf.6b1a37ce193b56818009256965954ae3.jpg,1,0,0,0
deb29cb4-2c24-40e2-97bf-1c8f47905f58_jpeg_jpg.rf.700e0271405ef05972980df4d6d11259.jpg,1,0,0,0
effect-1-6_jpg.rf.1d00eca00a2258bcf63e02a944361323.jpg,0,1,0,0
effect-1-6_jpg.rf.2cc5bc9fd75fc778e1e340a503956ddf.jpg,0,1,0,0
fb8a83ff-a2d5-4ef2-8f5c-c26b45d5ffd5_jpeg_jpg.rf.aa6a782bf496aa56877eba89af1a7a16.jpg,1,0,0,0
flat_wart_-19-_jpg.rf.4ffdd3ab10bdcbc608e5dfdf52a5205b.jpg,0,1,0,0
flat_wart_-19-_jpg.rf.c747f9c6da0b3dbffd09cba06372b331.jpg,0,1,0,0
flat_wart_-2-_jpg.rf.e29e05ca4b59a9bcc201e486ba16a3d9.jpg,0,1,0,0
flat_wart_-68-_jpg.rf.99931bd917dfd00adee81498b54e92b4.jpg,0,1,0,0
fy_jpeg_jpg.rf.81a03b7e53d9d7dfa28c364802c12bce.jpg,1,0,0,0
fy_jpeg_jpg.rf.dfed980b40faf5a184f22292667d6d95.jpg,0,1,0,0
gettyimages-1026002634-2048x2048_jpg.rf.86161e591490847f574ca3541104422b.jpg,0,1,0,0
gr1_lrg_is_ano_jpg.rf.e09d38b79f829025baa213845b295f41.jpg,1,0,0,0
hinh-anh-mun-boc-1_jpg.rf.fabf0391f47885078b99dfd2df81710e.jpg,1,0,0,0
hqdefault_jpg.rf.cc9a13892003bb121858921a73856bc2.jpg,1,0,0,0
images-1-_jpg.rf.1588110d8198ae5c0c75b30cfc511f37.jpg,1,0,0,0
images-6-_jpg.rf.ee6cc778b2656f44dfc1666862f586c6.jpg,1,0,0,0
istockphoto-1003090186-1024x1024_jpg.rf.b5ca84fcfc35b4b51067d06a501fcd47.jpg,1,0,0,0
istockphoto-1086092638-1024x1024-1-_jpg.rf.df7603a0debfd458353df475cf0a19bb.jpg,1,0,0,0
istockphoto-1128126415-1024x1024_jpg.rf.ec4c4fdd19444d848e7b39b947c5c9be.jpg,1,0,0,0
istockphoto-1141614748-1024x1024_jpg.rf.07be841f7458b4264bfb5900a1d3bc33.jpg,1,0,0,0
istockphoto-1152973799-1024x1024_jpg.rf.c585ebc02a32b4bd893e3a70f42dada7.jpg,1,0,0,0
istockphoto-1167912522-1024x1024_jpg.rf.37a3072fc446b05b6c4ae193d0149c49.jpg,1,0,0,0
istockphoto-1185230818-612x612_papule_jpg.rf.8e47e079e6fd4724e16850dd782f91df.jpg,1,0,0,0
istockphoto-1257182840-1024x1024_jpg.rf.67ccc4c04d4eb8225360e6044ab2aee4.jpg,1,0,0,0
istockphoto-1257205567-1024x1024_jpg.rf.24a667d8112616737e23eeb6bf9ddadd.jpg,1,0,0,0
istockphoto-1314661562-1024x1024_jpg.rf.0dfb3a55b070e55fcbbffd4e5750aa7b.jpg,1,0,0,0
istockphoto-1328606300-1024x1024_jpg.rf.0b3ca47cf110915e51397e6dd9210c28.jpg,1,0,0,0
istockphoto-1360288179-2048x2048_jpg.rf.cad603bc0da93099472f8f7691bd5534.jpg,1,0,0,0
istockphoto-1386689998-1024x1024_jpg.rf.7e814031517aa483926d0097c600f4fd.jpg,1,0,0,0
istockphoto-1389793804-1024x1024_pa_pus_is_ano_jpg.rf.fa8d6ba050496361832e474dd5e978e0.jpg,1,0,0,0
istockphoto-1402032343-1024x1024_jpg.rf.ad08f9a9051228737bd9b2e108039d90.jpg,1,0,0,0
istockphoto-1472801116-1024x1024_jpg.rf.829410eff55def962972f045ea46a6e6.jpg,1,0,0,0
istockphoto-1937955997-1024x1024_jpg.rf.2561d793fb284ce587d3bbc31eb42b49.jpg,1,0,0,0
istockphoto-2035353853-2048x2048_jpg.rf.ccb3772fc5fa3ec9f2ce8fbf33631659.jpg,1,0,0,0
istockphoto-2154518518-1024x1024_jpg.rf.af4d17ba7860ab065d83e7c7da787abb.jpg,1,0,0,0
istockphoto-2173027101-1024x1024_jpg.rf.3ecb27741cb4db5283ac7633faf83485.jpg,1,0,0,0
istockphoto-495243316-1024x1024_jpg.rf.2df1414b167a1813f1e34aeb5e98877d.jpg,1,0,0,0
istockphoto-537332528-1024x1024_jpg.rf.b951106d865d744543e4d45e94fbd1a8.jpg,1,0,0,0
istockphoto-660796120-1024x1024_jpg.rf.069f9a51247a2b8144864a9cc04dab8b.jpg,1,0,0,0
istockphoto-660802008-1024x1024_jpg.rf.94efb92484db803e12e4e0c0a0d524df.jpg,1,0,0,0
istockphoto-888653318-1024x1024_jpg.rf.b2b741fa985d49b54a9f6620c15314ec.jpg,1,0,0,0
istockphoto-987442228-1024x1024_jpg.rf.2353d90d2d057dcff008118f5f6a93b4.jpg,1,0,0,0
jik_jpg.rf.adbe18674c4668aafc0997cfba984735.jpg,0,1,0,0
keloid_-113-_jpg.rf.1b296a2b5da523077b960cd7c2cdf49a.jpg,0,1,0,0
keloid_-113-_jpg.rf.822a1858ea4ad219a1cf9db6a1133d78.jpg,0,1,0,0
keloid_-119-_jpg.rf.19b565b3da5ddd65c1a78d17fc72dafe.jpg,0,1,0,0
keloid_-16-_png_jpg.rf.e663d8cc0fb9c76022eff93fa9f5108f.jpg,0,1,0,0
keloid_-43-_jpg.rf.2d68e3497cc061fc64cbb1e5b81ecfff.jpg,0,1,0,0
keloid_-6-_png_jpg.rf.02f9315569fb73ec9e011486ede8244b.jpg,0,1,0,0
keloid_-60-_jpg.rf.9611028732ddb57469ce16b2846fd9dd.jpg,0,1,0,0
keloid_-60-_jpg.rf.ff09dec13cd9b88db5a7ab39f6713ab0.jpg,0,1,0,0
keloid_-90-_jpg.rf.489fb18e6c5e9e6509c32256193e4deb.jpg,0,1,0,0
maxresdefault_jpg.rf.be18b0d6f80b60ed2dd7b9cdb8fbdace.jpg,0,0,0,1
n-57_jpeg_jpg.rf.01c75c73a377cb04a31746785a4d54c6.jpg,1,0,0,0
n13_jpeg_jpg.rf.8470f5eac83e2965b6a512abed631add.jpg,1,0,0,0
n16_jpeg_jpg.rf.7f034c8dfeaf2a48234208cfd94c0103.jpg,1,0,0,0
n17_jpeg_jpg.rf.eb1d19340bdc60a931002df2d64f0c11.jpg,1,0,0,0
n18_jpeg_jpg.rf.949275af44cd15b29c4fc7c965d7b3b9.jpg,1,0,0,0
n2-2_jpeg_jpg.rf.d928ec85790775f7e1e7829831a3536a.jpg,1,0,0,0
n29_jpeg_jpg.rf.18fc5495bcbb4cd307af111c51ce45f6.jpg,1,0,0,0
n2_jpeg_jpg.rf.5c94b28170ca449f2c499bca3df59788.jpg,1,0,0,0
n30_jpeg_jpg.rf.4a669a96ad998517dba17836dbe9b1b9.jpg,1,0,0,0
n30_jpeg_jpg.rf.5557389756a7b86818d45858c83115fb.jpg,1,0,0,0
n3_jpeg_jpg.rf.df459fcf593ecd9203e34bfb4b3addcd.jpg,1,0,0,0
n42_jpeg_jpg.rf.ecf0e32d74c59cddcc5aab2bc7bf2d05.jpg,1,0,0,0
n43_jpeg_jpg.rf.56406a4ba24caecc0565271232076868.jpg,1,0,0,0
n44_jpeg_jpg.rf.cda18760e87f4581e046a255fc701773.jpg,1,0,0,0
n53_jpeg_jpg.rf.0320592c733e9e57ae25604e489fba55.jpg,1,0,0,0
n60_jpeg_jpg.rf.6c104b6d826cc3154246799be450e1f3.jpg,1,0,0,0
n6_jpeg_jpg.rf.ff59b74167a1e86c2fbc176ce008e100.jpg,1,0,0,0
n8_jpeg_jpg.rf.8308d6cfc037f6704edcebd850cdcfbb.jpg,1,0,0,0
nh1_jpeg_jpg.rf.5eb41fb07fd6eb736d96be3ed61f2b75.jpg,1,0,0,0
p-1-6_jpeg_jpg.rf.121225e53b8074479c0210924d0404dc.jpg,1,0,0,0
p-2-1_jpg.rf.c5fcbb42f5a678d1502da00fd16b887d.jpg,1,0,0,0
p-2-5_jpeg_jpg.rf.34f15939e4d88a341f114be9591f5dcf.jpg,1,0,0,0
p-2-7_jpg.rf.6a5581bc5e2e4c4adb8ca0e74c9fe6f1.jpg,1,0,0,0
p-23_jpg.rf.c3fe9a65f2992861db434b5cdea581db.jpg,1,0,0,0
p-25_jpeg_jpg.rf.f75ccbbf329124f655dca681570aee2d.jpg,1,0,0,0
p-27_jpg.rf.cd35720899c4dabcdeaba74268d9e9c3.jpg,1,0,0,0
p-3-2_jpeg_jpg.rf.5b4af12b8d41cde721f4225fd183c225.jpg,1,0,0,0
p-3-3_jpg.rf.4d36fee64de07357cbe138b0f6ee9d25.jpg,1,0,0,0
p-3-8_jpeg_jpg.rf.66360c1b677b824a9138541b36a23977.jpg,1,0,0,0
p-30_jpg.rf.4143cdbc41fe2f79627f4bb4c924f248.jpg,1,0,0,0
p-31_jpeg_jpg.rf.96e6ef4a2b47a89bbd4314a737ead882.jpg,1,0,0,0
p-4-0_jpeg_jpg.rf.983731f6904b9daa483a71412c971205.jpg,1,0,0,0
p-4-9_png_jpg.rf.a325e239807464967b9cb484cc0049a2.jpg,1,0,0,0
p-5-2_jpeg_jpg.rf.ce758ce13dca75e2ad564979fbcec862.jpg,1,0,0,0
p-5-7_jpeg_jpg.rf.52d964ad6139e85688975cede5c95064.jpg,1,0,0,0
p-5-8_jpeg_jpg.rf.127548724268913d2096e269abb6d1d1.jpg,1,0,0,0
p-58_jpeg_jpg.rf.cd84b0b61dc94dea41842dab1427068c.jpg,1,0,0,0
p-60_jpeg_jpg.rf.a873e6a63e3b0ccf5092774aaff1bcea.jpg,1,0,0,0
p-63_jpg.rf.dbbb373a237adee4ad46e5ba9985a418.jpg,1,0,0,0
p-66_png_jpg.rf.0c68936bbc8056b312ed5f31d3980983.jpg,1,0,0,0
p1-2_jpg.rf.cf73935abcc753b53a51db1650bea744.jpg,1,0,0,0
p1-6_jpeg_jpg.rf.77965b94bb3dc620658973c09063bcde.jpg,1,0,0,0
p1-8_jpg.rf.c8fc0a073ac93b18c7a4f704b4dbb255.jpg,1,0,0,0
p1-9_jpg.rf.4f58f725e221edaf52ba555f982bf270.jpg,1,0,0,0
p11_jpg.rf.8ac4c2b98c93430725eaf66dd29cf1dd.jpg,1,0,0,0
p2-2_jpeg_jpg.rf.7d37d0b528760a132770d77a936f93d1.jpg,1,0,0,0
p22_jpeg_jpg.rf.8114a4bdc02c16039b4eea57794246f7.jpg,1,0,0,0
p23_jpg.rf.e6e79be066daf35bcb33671bb4996743.jpg,1,0,0,0
p27_jpg.rf.d23546bccdf338c329629f84ce3983b6.jpg,1,0,0,0
p29_jpg.rf.1afaf4e7964f31d61c19a52a2e08a755.jpg,1,0,0,0
p3-2_jpeg_jpg.rf.b9aacdda63b0c2e229adf37180a3b9b9.jpg,1,0,0,0
p3-8_jpeg_jpg.rf.6cb415a1f15cf83346685fc49d75ca61.jpg,1,0,0,0
p3-9_jpeg_jpg.rf.3d09cb19d1b5eeb8c9e31a626abe1048.jpg,1,0,0,0
p38_jpeg_jpg.rf.6075d2e1fbc5fc168e655733c2688460.jpg,1,0,0,0
p4-6_jpg.rf.3b72485d8d67b2f927c673c6e10cd0d8.jpg,1,0,0,0
p4-7_jpeg_jpg.rf.f72d55c4cd0499ab7d63bf03767e3454.jpg,1,0,0,0
p4-9-_png_jpg.rf.db8c1821abf8db69ae922a47693996f8.jpg,1,0,0,0
p5-0_jpg.rf.6decc938f3431e6803bcd1772745b8b9.jpg,1,0,0,0
p5-3_jpeg_jpg.rf.cfa444cc1d919b91e17a6984d2395070.jpg,1,0,0,0
p5-4_jpeg_jpg.rf.ff120da7a71377ba3a358383b8558e12.jpg,1,0,0,0
p5-7_jpeg_jpg.rf.cf2d78663ed51961e2cb36abded69dde.jpg,1,0,0,0
p6-1_jpeg_jpg.rf.7e771bcf4bc9618f59aa895f9ad78a56.jpg,1,0,0,0
p6-3_jpg.rf.30857f73e02bdbfbb5bd8662050ca02a.jpg,1,0,0,0
p6-7_jpg.rf.43b7bc64cfdcb6d17f1a5566dcf1a945.jpg,1,0,0,0
p62_jpeg_jpg.rf.93d20c60c11444f03efd843775921c1e.jpg,1,0,0,0
p63_jpg.rf.ee0b752481927e17862a1865bc366582.jpg,1,0,0,0
pd2_jpeg_jpg.rf.b7bed065e98a0b36d13f1cb708526727.jpg,1,0,0,0
puf5i48xtj981_jpg.rf.2878e57d9d8360ce39039a370f2a0130.jpg,1,0,0,0
pustular_acne_-338-_jpg.rf.8cd0f7ee0a4cbd7b3ad9f141e0ce3ed0.jpg,0,1,0,0
pustular_acne_-6-_jpg.rf.40c546be9f003bc7ef2919bbccfb046d.jpg,0,1,0,0
r2_jpeg_jpg.rf.95e503f1ef0d99ae84926a622aaad321.jpg,1,0,0,0
rotated_12_jpeg.rf.3a9d610ea4cd7a1c43eaff9fe56403aa.jpg,0,1,0,0
rotated_20_jpeg.rf.98dca6ed91e55f1955282882c3b81e02.jpg,0,1,0,0
rotated_22_jpeg.rf.241c125628ad88f942298b0913689c19.jpg,0,1,0,0
rotated_31_jpeg.rf.e7923839cf4e51046189bb2a90195833.jpg,0,1,0,0
rotated_4_jpg.rf.2e6f30cf1d3f2da8d8877fd967da1c4b.jpg,0,1,0,0
rotated_7_jpeg.rf.e7d2634d341f8e5eb5d3ce3157702521.jpg,0,1,0,0
rotated_acne-open-comedo-1_jpg.rf.218cefef7293bab604a9565037d42d40.jpg,0,1,0,0
rotated_acne-open-comedo-33_jpg.rf.edc14cc451af83ea5c3ef9e5b5a28e5d.jpg,0,1,0,0
rotated_acne-open-comedo-37_jpg.rf.45e2a6b0d29c5fa3e4f01a584e903538.jpg,0,1,0,0
rotated_acne-open-comedo-42_jpg.rf.61adc271976e57ac129666eb5fd3637f.jpg,0,1,0,0
rotated_acne-open-comedo-48_jpg.rf.b1f86b6206b6e7e916c6d5fd317d504d.jpg,0,1,0,0
rotated_acne-open-comedo-65_jpg.rf.03ef258670a414ba9054d5b51a6fc67e.jpg,0,1,0,0
rotated_blackhead_122_jpg.rf.d76f2c0e6a63a27afea7c3575c0a677f.jpg,0,1,0,0
rotated_blackhead_242_jpg.rf.1ecde18d98ada48fe0114fa3decae07f.jpg,0,1,0,0
rotated_blackhead_242_jpg.rf.30a173625261f393ce700b5984fbe8eb.jpg,0,1,0,0
rotated_blackhead_266_jpg.rf.d65cd56b136ce1983407794091faf4e0.jpg,0,1,0,0
rotated_blackhead_548_jpg.rf.f9f5169eeb1a1b43cb975d4a0c266fa8.jpg,0,1,0,0
rotated_blackhead_602_jpg.rf.752bb2fcf511491f19fbafb94deef995.jpg,0,1,0,0
rotated_blackhead_602_jpg.rf.e8f3609a6e70d84d656ddef85ed6006e.jpg,0,1,0,0
rotated_blackhead_616_jpg.rf.6536e646936804a9a16bff81505e2da6.jpg,0,1,0,0
rotated_blackhead_616_jpg.rf.b7241d017b529348c9ee6b8c757c2b6f.jpg,0,1,0,0
rotated_blackhead_79_jpg.rf.9766ac55a4231cac260090bc6d52707b.jpg,0,1,0,0
se_jpeg_jpg.rf.36147ad0db3b4b8a78d06ae197b4dc2c.jpg,1,0,0,0
set2-128-_jpg.rf.319016006036aafd73277e177af325ee.jpg,0,1,0,0
set2-156-_jpg.rf.c205b2093ba4735dae8f9a33ae8a047a.jpg,0,1,0,0
set2-268-_jpg.rf.acd04e4643d7de1848c755dd3389d572.jpg,0,1,0,0
set2-339-_jpg.rf.ebb3d41b973e3d67d4fc5bd7a30d1de7.jpg,0,1,0,0
stock-photo-painful-large-abscess-resulting-from-acne-or-staphylococcal-streptococcal-skin-infection-in-face-1686073453_jpg.rf.3b08344cb2c1c2f9abadc629b0f23d92.jpg,1,0,0,0
t_jpg.rf.8f6b51afae8b80505648db843953a422.jpg,0,1,0,0
tg_jpg.rf.b8f4ff71fac7a8c07170d1b2552f73ad.jpg,0,1,0,0
tgk_jpg.rf.56eeaae518f864651e252971bbb362eb.jpg,0,1,0,0
w-25_jpg.rf.27d32cbc40ba2238814ef57a5a9c9808.jpg,1,0,0,0
w-27_jpg.rf.d6f58c60123c3be48b46c0022da12b4e.jpg,1,0,0,0
w-29_jpg.rf.56d2694f041d1c77634743aaee2695c8.jpg,1,0,0,0
w-2m8_jpg.rf.6f9d3750452d0730926d4460f9d07a7a.jpg,1,0,0,0
w-3-5_jpg.rf.a31a93e9d994c0c8c2b8a0e460e7fca2.jpg,1,0,0,0
w-35_jpg.rf.764bdfe2a3cf7a11715865e6fa218b0c.jpg,1,0,0,0
w-37_jpg.rf.0a9da98d1ed219b8705402ba96d87480.jpg,1,0,0,0
w-39_jpg.rf.55bdd51b02d5bea46eac2b8d8bb3e98b.jpg,1,0,0,0
w-3_jpg.rf.0e78e250914716612c5899038ada6eff.jpg,1,0,0,0
w-5-2_jpg.rf.59ae3fc31e6e83e4d35e9ab8c9acddee.jpg,1,0,0,0
w-9_jpg.rf.586e6b03d9cee8599ac452aec5f29f47.jpg,1,0,0,0
w12_jpg.rf.8bd2b76bdb3cd5be254fa6737c0fb2bb.jpg,1,0,0,0
w14_jpg.rf.507916e5f3491427f70482f53ff0d7d7.jpg,1,0,0,0
w17_jpg.rf.882e2bc1acdb97567714527c6ba14678.jpg,1,0,0,0
w22_jpg.rf.a0373f038d63d08ff5adaa09504f4580.jpg,1,0,0,0
w25_jpg.rf.4c71222962447581753042aa502dcacb.jpg,1,0,0,0
w26_jpg.rf.2ec2a354f2984537f412c20b3dc7ea38.jpg,1,0,0,0
w27_jpg.rf.4e6b53de9fded9deb1dc073239e50156.jpg,1,0,0,0
w31_jpg.rf.c57b51a845ee687c0bb118211003a42d.jpg,1,0,0,0
w37_jpg.rf.53d94f1487c33f7c6a3529bc1227a467.jpg,1,0,0,0
w38_jpg.rf.cd1cf77bb93326733fcb513a73efa0f0.jpg,1,0,0,0
w3_jpg.rf.65253904544684827d4c733cd88a08eb.jpg,1,0,0,0
w3_jpg.rf.bec78d39e269d29982e2612674b59094.jpg,1,0,0,0
w41_jpg.rf.0e2fe8a7ebaa4686d55caa5be6561c76.jpg,1,0,0,0
w41_jpg.rf.ffcd362086fa057b9076df408394a6ad.jpg,1,0,0,0
w43_jpg.rf.c483a4887879383663961fb9fee4371a.jpg,1,0,0,0
w44_png_jpg.rf.8412fb9296eccf85712a91310e6f8863.jpg,1,0,0,0
w45_jpg.rf.c4d7fea81e066040bb2a6a3b6ee9c2d7.jpg,1,0,0,0
w46_jpg.rf.387d43fbe9f25a54539b94b433d86c29.jpg,1,0,0,0
w47_jpg.rf.11878915026a704cc94c188f2f0706c7.jpg,1,0,0,0
w47_jpg.rf.2035f6a446c139eb3bdd59e2eed7ba63.jpg,1,0,0,0
w4_jpg.rf.49f7cebf7daba96459b46c3522d08530.jpg,1,0,0,0
w53_jpg.rf.9607e71f3b3068bca05dd2da9b5ccd99.jpg,1,0,0,0
w54_jpg.rf.1b803c456633062044691a1fd1179869.jpg,1,0,0,0
w58_jpg.rf.93d4cc860320d29d746de0f20978a765.jpg,1,0,0,0
w63_jpeg_jpg.rf.3318f93ebae03d54a67ea00b4a143f7c.jpg,1,0,0,0
w6_jpg.rf.ee5de9fc122095ef7b760a425167bc2d.jpg,1,0,0,0
w7_jpg.rf.43de2c6a20fe3cacc209b2245959fced.jpg,1,0,0,0
w8_jpg.rf.a9c393dab73846e42ed862a1f33bd385.jpg,1,0,0,0
w8_jpg.rf.f993d854e98b5464e233c4402ba94d71.jpg,1,0,0,0
ww2_jpg.rf.8726869fb200912c83de24cb0baa93a6.jpg,1,0,0,0
